ITE00100554,17730101,TMAX,56,,,E,
ITE00100554,17730101,TMIN,36,,,E,
ITE00100554,17730102,TMAX,40,,,E,
ITE00100554,17730102,TMIN,16,,,E,
ITE00100554,17730103,TMAX,37,,,E,
ITE00100554,17730103,TMIN,23,,,E,
ITE00100554,17730104,TMAX,18,,,E,
ITE00100554,17730104,TMIN,-2,,,E,
ITE00100554,17730105,TMAX,18,,,E,
ITE00100554,17730105,TMIN,4,,,E,
ITE00100554,17730106,TMAX,38,,,E,
ITE00100554,17730106,TMIN,8,,,E,
ITE00100554,17730107,TMAX,25,,,E,
ITE00100554,17730107,TMIN,-7,,,E,
ITE00100554,17730108,TMAX,20,,,E,
ITE00100554,17730108,TMIN,-12,,,E,
ITE00100554,17730109,TMAX,19,,,E,
ITE00100554,17730109,TMIN,-13,,,E,
ITE00100554,17730110,TMAX,35,,,E,
ITE00100554,17730110,TMIN,3,,,E,
ITE00100554,17730111,TMAX,28,,,E,
ITE00100554,17730111,TMIN,2,,,E,
ITE00100554,17730112,TMAX,37,,,E,
ITE00100554,17730112,TMIN,3,,,E,
ITE00100554,17730113,TMAX,39,,,E,
ITE00100554,17730113,TMIN,11,,,E,
ITE00100554,17730114,TMAX,27,,,E,
ITE00100554,17730114,TMIN,-1,,,E,
ITE00100554,17730115,TMAX,58,,,E,
ITE00100554,17730115,TMIN,30,,,E,
ITE00100554,17730116,TMAX,68,,,E,
ITE00100554,17730116,TMIN,32,,,E,
ITE00100554,17730117,TMAX,50,,,E,
ITE00100554,17730117,TMIN,20,,,E,
ITE00100554,17730118,TMAX,22,,,E,
ITE00100554,17730118,TMIN,6,,,E,
ITE00100554,17730119,TMAX,37,,,E,
ITE00100554,17730119,TMIN,13,,,E,
ITE00100554,17730120,TMAX,38,,,E,
ITE00100554,17730120,TMIN,0,,,E,
ITE00100554,17730121,TMAX,36,,,E,
ITE00100554,17730121,TMIN,6,,,E,
ITE00100554,17730122,TMAX,52,,,E,
ITE00100554,17730122,TMIN,26,,,E,
ITE00100554,17730123,TMAX,53,,,E,
ITE00100554,17730123,TMIN,35,,,E,
ITE00100554,17730124,TMAX,57,,,E,
ITE00100554,17730124,TMIN,31,,,E,
ITE00100554,17730125,TMAX,44,,,E,
ITE00100554,17730125,TMIN,18,,,E,
ITE00100554,17730126,TMAX,43,,,E,
ITE00100554,17730126,TMIN,15,,,E,
ITE00100554,17730127,TMAX,42,,,E,
ITE00100554,17730127,TMIN,24,,,E,
ITE00100554,17730128,TMAX,59,,,E,
ITE00100554,17730128,TMIN,31,,,E,
ITE00100554,17730129,TMAX,70,,,E,
ITE00100554,17730129,TMIN,28,,,E,
ITE00100554,17730130,TMAX,60,,,E,
ITE00100554,17730130,TMIN,18,,,E,
ITE00100554,17730131,TMAX,52,,,E,
ITE00100554,17730131,TMIN,8,,,E,
ITE00100554,17730201,TMAX,48,,,E,
ITE00100554,17730201,TMIN,12,,,E,
ITE00100554,17730202,TMAX,46,,,E,
ITE00100554,17730202,TMIN,2,,,E,
ITE00100554,17730203,TMAX,36,,,E,
ITE00100554,17730203,TMIN,0,,,E,
ITE00100554,17730204,TMAX,28,,,E,
ITE00100554,17730204,TMIN,-10,,,E,
ITE00100554,17730205,TMAX,10,,,E,
ITE00100554,17730205,TMIN,-36,,,E,
ITE00100554,17730206,TMAX,8,,,E,
ITE00100554,17730206,TMIN,-38,,,E,
ITE00100554,17730207,TMAX,5,,,E,
ITE00100554,17730207,TMIN,-17,,,E,
ITE00100554,17730208,TMAX,16,,,E,
ITE00100554,17730208,TMIN,-16,,,E,
ITE00100554,17730209,TMAX,19,,,E,
ITE00100554,17730209,TMIN,-3,,,E,
ITE00100554,17730210,TMAX,26,,,E,
ITE00100554,17730210,TMIN,-8,,,E,
ITE00100554,17730211,TMAX,46,,,E,
ITE00100554,17730211,TMIN,12,,,E,
ITE00100554,17730212,TMAX,72,,,E,
ITE00100554,17730212,TMIN,30,,,E,
ITE00100554,17730213,TMAX,57,,,E,
ITE00100554,17730213,TMIN,15,,,E,
ITE00100554,17730214,TMAX,39,,,E,
ITE00100554,17730214,TMIN,-13,,,E,
ITE00100554,17730215,TMAX,31,,,E,
ITE00100554,17730215,TMIN,-21,,,E,
ITE00100554,17730216,TMAX,39,,,E,
ITE00100554,17730216,TMIN,-13,,,E,
ITE00100554,17730217,TMAX,46,,,E,
ITE00100554,17730217,TMIN,10,,,E,
ITE00100554,17730218,TMAX,51,,,E,
ITE00100554,17730218,TMIN,15,,,E,
ITE00100554,17730219,TMAX,58,,,E,
ITE00100554,17730219,TMIN,4,,,E,
ITE00100554,17730220,TMAX,43,,,E,
ITE00100554,17730220,TMIN,7,,,E,
ITE00100554,17730221,TMAX,59,,,E,
ITE00100554,17730221,TMIN,3,,,E,
ITE00100554,17730222,TMAX,61,,,E,
ITE00100554,17730222,TMIN,15,,,E,
ITE00100554,17730223,TMAX,63,,,E,
ITE00100554,17730223,TMIN,25,,,E,
ITE00100554,17730224,TMAX,52,,,E,
ITE00100554,17730224,TMIN,26,,,E,
ITE00100554,17730225,TMAX,78,,,E,
ITE00100554,17730225,TMIN,40,,,E,
ITE00100554,17730226,TMAX,70,,,E,
ITE00100554,17730226,TMIN,32,,,E,
ITE00100554,17730227,TMAX,84,,,E,
ITE00100554,17730227,TMIN,26,,,E,
ITE00100554,17730228,TMAX,80,,,E,
ITE00100554,17730228,TMIN,40,,,E,
ITE00100554,17730301,TMAX,93,,,E,
ITE00100554,17730301,TMIN,33,,,E,
ITE00100554,17730302,TMAX,94,,,E,
ITE00100554,17730302,TMIN,46,,,E,
ITE00100554,17730303,TMAX,101,,,E,
ITE00100554,17730303,TMIN,41,,,E,
ITE00100554,17730304,TMAX,104,,,E,
ITE00100554,17730304,TMIN,44,,,E,
ITE00100554,17730305,TMAX,109,,,E,
ITE00100554,17730305,TMIN,69,,,E,
ITE00100554,17730306,TMAX,125,,,E,
ITE00100554,17730306,TMIN,63,,,E,
ITE00100554,17730307,TMAX,124,,,E,
ITE00100554,17730307,TMIN,62,,,E,
ITE00100554,17730308,TMAX,82,,,E,
ITE00100554,17730308,TMIN,54,,,E,
ITE00100554,17730309,TMAX,96,,,E,
ITE00100554,17730309,TMIN,54,,,E,
ITE00100554,17730310,TMAX,95,,,E,
ITE00100554,17730310,TMIN,53,,,E,
ITE00100554,17730311,TMAX,109,,,E,
ITE00100554,17730311,TMIN,67,,,E,
ITE00100554,17730312,TMAX,76,,,E,
ITE00100554,17730312,TMIN,24,,,E,
ITE00100554,17730313,TMAX,70,,,E,
ITE00100554,17730313,TMIN,18,,,E,
ITE00100554,17730314,TMAX,61,,,E,
ITE00100554,17730314,TMIN,19,,,E,
ITE00100554,17730315,TMAX,48,,,E,
ITE00100554,17730315,TMIN,18,,,E,
ITE00100554,17730316,TMAX,57,,,E,
ITE00100554,17730316,TMIN,13,,,E,
ITE00100554,17730317,TMAX,76,,,E,
ITE00100554,17730317,TMIN,12,,,E,
ITE00100554,17730318,TMAX,91,,,E,
ITE00100554,17730318,TMIN,27,,,E,
ITE00100554,17730319,TMAX,85,,,E,
ITE00100554,17730319,TMIN,41,,,E,
ITE00100554,17730320,TMAX,102,,,E,
ITE00100554,17730320,TMIN,48,,,E,
ITE00100554,17730321,TMAX,110,,,E,
ITE00100554,17730321,TMIN,66,,,E,
ITE00100554,17730322,TMAX,117,,,E,
ITE00100554,17730322,TMIN,63,,,E,
ITE00100554,17730323,TMAX,115,,,E,
ITE00100554,17730323,TMIN,61,,,E,
ITE00100554,17730324,TMAX,123,,,E,
ITE00100554,17730324,TMIN,57,,,E,
ITE00100554,17730325,TMAX,133,,,E,
ITE00100554,17730325,TMIN,67,,,E,
ITE00100554,17730326,TMAX,125,,,E,
ITE00100554,17730326,TMIN,81,,,E,
ITE00100554,17730327,TMAX,140,,,E,
ITE00100554,17730327,TMIN,86,,,E,
ITE00100554,17730328,TMAX,96,,,E,
ITE00100554,17730328,TMIN,30,,,E,
ITE00100554,17730329,TMAX,86,,,E,
ITE00100554,17730329,TMIN,20,,,E,
ITE00100554,17730330,TMAX,97,,,E,
ITE00100554,17730330,TMIN,31,,,E,
ITE00100554,17730331,TMAX,94,,,E,
ITE00100554,17730331,TMIN,26,,,E,
ITE00100554,17730401,TMAX,98,,,E,
ITE00100554,17730401,TMIN,52,,,E,
ITE00100554,17730402,TMAX,85,,,E,
ITE00100554,17730402,TMIN,53,,,E,
ITE00100554,17730403,TMAX,97,,,E,
ITE00100554,17730403,TMIN,65,,,E,
ITE00100554,17730404,TMAX,128,,,E,
ITE00100554,17730404,TMIN,60,,,E,
ITE00100554,17730405,TMAX,129,,,E,
ITE00100554,17730405,TMIN,73,,,E,
ITE00100554,17730406,TMAX,124,,,E,
ITE00100554,17730406,TMIN,92,,,E,
ITE00100554,17730407,TMAX,136,,,E,
ITE00100554,17730407,TMIN,80,,,E,
ITE00100554,17730408,TMAX,127,,,E,
ITE00100554,17730408,TMIN,81,,,E,
ITE00100554,17730409,TMAX,134,,,E,
ITE00100554,17730409,TMIN,66,,,E,
ITE00100554,17730410,TMAX,161,,,E,
ITE00100554,17730410,TMIN,105,,,E,
ITE00100554,17730411,TMAX,176,,,E,
ITE00100554,17730411,TMIN,120,,,E,
ITE00100554,17730412,TMAX,166,,,E,
ITE00100554,17730412,TMIN,134,,,E,
ITE00100554,17730413,TMAX,159,,,E,
ITE00100554,17730413,TMIN,91,,,E,
ITE00100554,17730414,TMAX,148,,,E,
ITE00100554,17730414,TMIN,102,,,E,
ITE00100554,17730415,TMAX,147,,,E,
ITE00100554,17730415,TMIN,115,,,E,
ITE00100554,17730416,TMAX,133,,,E,
ITE00100554,17730416,TMIN,87,,,E,
ITE00100554,17730417,TMAX,158,,,E,
ITE00100554,17730417,TMIN,102,,,E,
ITE00100554,17730418,TMAX,170,,,E,
ITE00100554,17730418,TMIN,102,,,E,
ITE00100554,17730419,TMAX,175,,,E,
ITE00100554,17730419,TMIN,107,,,E,
ITE00100554,17730420,TMAX,194,,,E,
ITE00100554,17730420,TMIN,126,,,E,
ITE00100554,17730421,TMAX,198,,,E,
ITE00100554,17730421,TMIN,130,,,E,
ITE00100554,17730422,TMAX,214,,,E,
ITE00100554,17730422,TMIN,146,,,E,
ITE00100554,17730423,TMAX,224,,,E,
ITE00100554,17730423,TMIN,156,,,E,
ITE00100554,17730424,TMAX,190,,,E,
ITE00100554,17730424,TMIN,122,,,E,
ITE00100554,17730425,TMAX,147,,,E,
ITE00100554,17730425,TMIN,91,,,E,
ITE00100554,17730426,TMAX,147,,,E,
ITE00100554,17730426,TMIN,101,,,E,
ITE00100554,17730427,TMAX,139,,,E,
ITE00100554,17730427,TMIN,83,,,E,
ITE00100554,17730428,TMAX,174,,,E,
ITE00100554,17730428,TMIN,118,,,E,
ITE00100554,17730429,TMAX,180,,,E,
ITE00100554,17730429,TMIN,112,,,E,
ITE00100554,17730430,TMAX,168,,,E,
ITE00100554,17730430,TMIN,112,,,E,
ITE00100554,17730501,TMAX,159,,,E,
ITE00100554,17730501,TMIN,127,,,E,
ITE00100554,17730502,TMAX,181,,,E,
ITE00100554,17730502,TMIN,125,,,E,
ITE00100554,17730503,TMAX,175,,,E,
ITE00100554,17730503,TMIN,143,,,E,
ITE00100554,17730504,TMAX,160,,,E,
ITE00100554,17730504,TMIN,128,,,E,
ITE00100554,17730505,TMAX,124,,,E,
ITE00100554,17730505,TMIN,92,,,E,
ITE00100554,17730506,TMAX,141,,,E,
ITE00100554,17730506,TMIN,95,,,E,
ITE00100554,17730507,TMAX,141,,,E,
ITE00100554,17730507,TMIN,85,,,E,
ITE00100554,17730508,TMAX,153,,,E,
ITE00100554,17730508,TMIN,85,,,E,
ITE00100554,17730509,TMAX,167,,,E,
ITE00100554,17730509,TMIN,121,,,E,
ITE00100554,17730510,TMAX,176,,,E,
ITE00100554,17730510,TMIN,130,,,E,
ITE00100554,17730511,TMAX,156,,,E,
ITE00100554,17730511,TMIN,124,,,E,
ITE00100554,17730512,TMAX,144,,,E,
ITE00100554,17730512,TMIN,76,,,E,
ITE00100554,17730513,TMAX,184,,,E,
ITE00100554,17730513,TMIN,128,,,E,
ITE00100554,17730514,TMAX,198,,,E,
ITE00100554,17730514,TMIN,130,,,E,
ITE00100554,17730515,TMAX,222,,,E,
ITE00100554,17730515,TMIN,154,,,E,
ITE00100554,17730516,TMAX,228,,,E,
ITE00100554,17730516,TMIN,160,,,E,
ITE00100554,17730517,TMAX,232,,,E,
ITE00100554,17730517,TMIN,176,,,E,
ITE00100554,17730518,TMAX,248,,,E,
ITE00100554,17730518,TMIN,202,,,E,
ITE00100554,17730519,TMAX,249,,,E,
ITE00100554,17730519,TMIN,203,,,E,
ITE00100554,17730520,TMAX,243,,,E,
ITE00100554,17730520,TMIN,197,,,E,
ITE00100554,17730521,TMAX,253,,,E,
ITE00100554,17730521,TMIN,197,,,E,
ITE00100554,17730522,TMAX,262,,,E,
ITE00100554,17730522,TMIN,206,,,E,
ITE00100554,17730523,TMAX,233,,,E,
ITE00100554,17730523,TMIN,187,,,E,
ITE00100554,17730524,TMAX,216,,,E,
ITE00100554,17730524,TMIN,184,,,E,
ITE00100554,17730525,TMAX,207,,,E,
ITE00100554,17730525,TMIN,151,,,E,
ITE00100554,17730526,TMAX,191,,,E,
ITE00100554,17730526,TMIN,145,,,E,
ITE00100554,17730527,TMAX,191,,,E,
ITE00100554,17730527,TMIN,135,,,E,
ITE00100554,17730528,TMAX,190,,,E,
ITE00100554,17730528,TMIN,158,,,E,
ITE00100554,17730529,TMAX,215,,,E,
ITE00100554,17730529,TMIN,145,,,E,
ITE00100554,17730530,TMAX,236,,,E,
ITE00100554,17730530,TMIN,166,,,E,
ITE00100554,17730531,TMAX,237,,,E,
ITE00100554,17730531,TMIN,179,,,E,
ITE00100554,17730601,TMAX,244,,,E,
ITE00100554,17730601,TMIN,186,,,E,
ITE00100554,17730602,TMAX,241,,,E,
ITE00100554,17730602,TMIN,171,,,E,
ITE00100554,17730603,TMAX,242,,,E,
ITE00100554,17730603,TMIN,194,,,E,
ITE00100554,17730604,TMAX,204,,,E,
ITE00100554,17730604,TMIN,172,,,E,
ITE00100554,17730605,TMAX,205,,,E,
ITE00100554,17730605,TMIN,157,,,E,
ITE00100554,17730606,TMAX,228,,,E,
ITE00100554,17730606,TMIN,170,,,E,
ITE00100554,17730607,TMAX,232,,,E,
ITE00100554,17730607,TMIN,174,,,E,
ITE00100554,17730608,TMAX,239,,,E,
ITE00100554,17730608,TMIN,181,,,E,
ITE00100554,17730609,TMAX,254,,,E,
ITE00100554,17730609,TMIN,184,,,E,
ITE00100554,17730610,TMAX,232,,,E,
ITE00100554,17730610,TMIN,174,,,E,
ITE00100554,17730611,TMAX,246,,,E,
ITE00100554,17730611,TMIN,174,,,E,
ITE00100554,17730612,TMAX,225,,,E,
ITE00100554,17730612,TMIN,162,,,E,
ITE00100554,17730613,TMAX,219,,,E,
ITE00100554,17730613,TMIN,156,,,E,
ITE00100554,17730614,TMAX,212,,,E,
ITE00100554,17730614,TMIN,144,,,E,
ITE00100554,17730615,TMAX,231,,,E,
ITE00100554,17730615,TMIN,150,,,E,
ITE00100554,17730616,TMAX,262,,,E,
ITE00100554,17730616,TMIN,156,,,E,
ITE00100554,17730617,TMAX,269,,,E,
ITE00100554,17730617,TMIN,162,,,E,
ITE00100554,17730618,TMAX,231,,,E,
ITE00100554,17730618,TMIN,150,,,E,
ITE00100554,17730619,TMAX,194,,,E,
ITE00100554,17730619,TMIN,144,,,E,
ITE00100554,17730620,TMAX,213,,,E,
ITE00100554,17730620,TMIN,153,,,E,
ITE00100554,17730621,TMAX,239,,,E,
ITE00100554,17730621,TMIN,179,,,E,
ITE00100554,17730622,TMAX,224,,,E,
ITE00100554,17730622,TMIN,164,,,E,
ITE00100554,17730623,TMAX,227,,,E,
ITE00100554,17730623,TMIN,179,,,E,
ITE00100554,17730624,TMAX,231,,,E,
ITE00100554,17730624,TMIN,171,,,E,
ITE00100554,17730625,TMAX,254,,,E,
ITE00100554,17730625,TMIN,182,,,E,
ITE00100554,17730626,TMAX,217,,,E,
ITE00100554,17730626,TMIN,183,,,E,
ITE00100554,17730627,TMAX,211,,,E,
ITE00100554,17730627,TMIN,177,,,E,
ITE00100554,17730628,TMAX,239,,,E,
ITE00100554,17730628,TMIN,179,,,E,
ITE00100554,17730629,TMAX,238,,,E,
ITE00100554,17730629,TMIN,178,,,E,
ITE00100554,17730630,TMAX,230,,,E,
ITE00100554,17730630,TMIN,170,,,E,
ITE00100554,17730701,TMAX,238,,,E,
ITE00100554,17730701,TMIN,188,,,E,
ITE00100554,17730702,TMAX,231,,,E,
ITE00100554,17730702,TMIN,171,,,E,
ITE00100554,17730703,TMAX,230,,,E,
ITE00100554,17730703,TMIN,170,,,E,
ITE00100554,17730704,TMAX,233,,,E,
ITE00100554,17730704,TMIN,159,,,E,
ITE00100554,17730705,TMAX,221,,,E,
ITE00100554,17730705,TMIN,161,,,E,
ITE00100554,17730706,TMAX,211,,,E,
ITE00100554,17730706,TMIN,177,,,E,
ITE00100554,17730707,TMAX,227,,,E,
ITE00100554,17730707,TMIN,153,,,E,
ITE00100554,17730708,TMAX,218,,,E,
ITE00100554,17730708,TMIN,158,,,E,
ITE00100554,17730709,TMAX,221,,,E,
ITE00100554,17730709,TMIN,171,,,E,
ITE00100554,17730710,TMAX,241,,,E,
ITE00100554,17730710,TMIN,165,,,E,
ITE00100554,17730711,TMAX,238,,,E,
ITE00100554,17730711,TMIN,162,,,E,
ITE00100554,17730712,TMAX,276,,,E,
ITE00100554,17730712,TMIN,200,,,E,
ITE00100554,17730713,TMAX,276,,,E,
ITE00100554,17730713,TMIN,200,,,E,
ITE00100554,17730714,TMAX,276,,,E,
ITE00100554,17730714,TMIN,200,,,E,
ITE00100554,17730715,TMAX,290,,,E,
ITE00100554,17730715,TMIN,228,,,E,
ITE00100554,17730716,TMAX,281,,,E,
ITE00100554,17730716,TMIN,205,,,E,
ITE00100554,17730717,TMAX,297,,,E,
ITE00100554,17730717,TMIN,221,,,E,
ITE00100554,17730718,TMAX,296,,,E,
ITE00100554,17730718,TMIN,244,,,E,
ITE00100554,17730719,TMAX,290,,,E,
ITE00100554,17730719,TMIN,228,,,E,
ITE00100554,17730720,TMAX,264,,,E,
ITE00100554,17730720,TMIN,188,,,E,
ITE00100554,17730721,TMAX,282,,,E,
ITE00100554,17730721,TMIN,220,,,E,
ITE00100554,17730722,TMAX,266,,,E,
ITE00100554,17730722,TMIN,204,,,E,
ITE00100554,17730723,TMAX,275,,,E,
ITE00100554,17730723,TMIN,213,,,E,
ITE00100554,17730724,TMAX,275,,,E,
ITE00100554,17730724,TMIN,213,,,E,
ITE00100554,17730725,TMAX,281,,,E,
ITE00100554,17730725,TMIN,219,,,E,
ITE00100554,17730726,TMAX,272,,,E,
ITE00100554,17730726,TMIN,196,,,E,
ITE00100554,17730727,TMAX,243,,,E,
ITE00100554,17730727,TMIN,207,,,E,
ITE00100554,17730728,TMAX,244,,,E,
ITE00100554,17730728,TMIN,182,,,E,
ITE00100554,17730729,TMAX,241,,,E,
ITE00100554,17730729,TMIN,189,,,E,
ITE00100554,17730730,TMAX,242,,,E,
ITE00100554,17730730,TMIN,178,,,E,
ITE00100554,17730731,TMAX,252,,,E,
ITE00100554,17730731,TMIN,188,,,E,
ITE00100554,17730801,TMAX,256,,,E,
ITE00100554,17730801,TMIN,194,,,E,
ITE00100554,17730802,TMAX,278,,,E,
ITE00100554,17730802,TMIN,202,,,E,
ITE00100554,17730803,TMAX,257,,,E,
ITE00100554,17730803,TMIN,181,,,E,
ITE00100554,17730804,TMAX,257,,,E,
ITE00100554,17730804,TMIN,181,,,E,
ITE00100554,17730805,TMAX,251,,,E,
ITE00100554,17730805,TMIN,187,,,E,
ITE00100554,17730806,TMAX,245,,,E,
ITE00100554,17730806,TMIN,193,,,E,
ITE00100554,17730807,TMAX,262,,,E,
ITE00100554,17730807,TMIN,186,,,E,
ITE00100554,17730808,TMAX,239,,,E,
ITE00100554,17730808,TMIN,177,,,E,
ITE00100554,17730809,TMAX,263,,,E,
ITE00100554,17730809,TMIN,187,,,E,
ITE00100554,17730810,TMAX,263,,,E,
ITE00100554,17730810,TMIN,187,,,E,
ITE00100554,17730811,TMAX,269,,,E,
ITE00100554,17730811,TMIN,193,,,E,
ITE00100554,17730812,TMAX,282,,,E,
ITE00100554,17730812,TMIN,206,,,E,
ITE00100554,17730813,TMAX,278,,,E,
ITE00100554,17730813,TMIN,202,,,E,
ITE00100554,17730814,TMAX,294,,,E,
ITE00100554,17730814,TMIN,232,,,E,
ITE00100554,17730815,TMAX,266,,,E,
ITE00100554,17730815,TMIN,214,,,E,
ITE00100554,17730816,TMAX,276,,,E,
ITE00100554,17730816,TMIN,200,,,E,
ITE00100554,17730817,TMAX,263,,,E,
ITE00100554,17730817,TMIN,227,,,E,
ITE00100554,17730818,TMAX,242,,,E,
ITE00100554,17730818,TMIN,208,,,E,
ITE00100554,17730819,TMAX,226,,,E,
ITE00100554,17730819,TMIN,192,,,E,
ITE00100554,17730820,TMAX,217,,,E,
ITE00100554,17730820,TMIN,183,,,E,
ITE00100554,17730821,TMAX,228,,,E,
ITE00100554,17730821,TMIN,178,,,E,
ITE00100554,17730822,TMAX,229,,,E,
ITE00100554,17730822,TMIN,167,,,E,
ITE00100554,17730823,TMAX,221,,,E,
ITE00100554,17730823,TMIN,159,,,E,
ITE00100554,17730824,TMAX,221,,,E,
ITE00100554,17730824,TMIN,161,,,E,
ITE00100554,17730825,TMAX,233,,,E,
ITE00100554,17730825,TMIN,159,,,E,
ITE00100554,17730826,TMAX,240,,,E,
ITE00100554,17730826,TMIN,166,,,E,
ITE00100554,17730827,TMAX,245,,,E,
ITE00100554,17730827,TMIN,171,,,E,
ITE00100554,17730828,TMAX,247,,,E,
ITE00100554,17730828,TMIN,173,,,E,
ITE00100554,17730829,TMAX,241,,,E,
ITE00100554,17730829,TMIN,167,,,E,
ITE00100554,17730830,TMAX,232,,,E,
ITE00100554,17730830,TMIN,158,,,E,
ITE00100554,17730831,TMAX,235,,,E,
ITE00100554,17730831,TMIN,161,,,E,
ITE00100554,17730901,TMAX,224,,,E,
ITE00100554,17730901,TMIN,176,,,E,
ITE00100554,17730902,TMAX,249,,,E,
ITE00100554,17730902,TMIN,189,,,E,
ITE00100554,17730903,TMAX,220,,,E,
ITE00100554,17730903,TMIN,186,,,E,
ITE00100554,17730904,TMAX,237,,,E,
ITE00100554,17730904,TMIN,179,,,E,
ITE00100554,17730905,TMAX,245,,,E,
ITE00100554,17730905,TMIN,173,,,E,
ITE00100554,17730906,TMAX,248,,,E,
ITE00100554,17730906,TMIN,190,,,E,
ITE00100554,17730907,TMAX,258,,,E,
ITE00100554,17730907,TMIN,188,,,E,
ITE00100554,17730908,TMAX,257,,,E,
ITE00100554,17730908,TMIN,209,,,E,
ITE00100554,17730909,TMAX,260,,,E,
ITE00100554,17730909,TMIN,202,,,E,
ITE00100554,17730910,TMAX,216,,,E,
ITE00100554,17730910,TMIN,146,,,E,
ITE00100554,17730911,TMAX,220,,,E,
ITE00100554,17730911,TMIN,150,,,E,
ITE00100554,17730912,TMAX,225,,,E,
ITE00100554,17730912,TMIN,155,,,E,
ITE00100554,17730913,TMAX,234,,,E,
ITE00100554,17730913,TMIN,166,,,E,
ITE00100554,17730914,TMAX,244,,,E,
ITE00100554,17730914,TMIN,188,,,E,
ITE00100554,17730915,TMAX,217,,,E,
ITE00100554,17730915,TMIN,149,,,E,
ITE00100554,17730916,TMAX,211,,,E,
ITE00100554,17730916,TMIN,155,,,E,
ITE00100554,17730917,TMAX,215,,,E,
ITE00100554,17730917,TMIN,147,,,E,
ITE00100554,17730918,TMAX,218,,,E,
ITE00100554,17730918,TMIN,164,,,E,
ITE00100554,17730919,TMAX,234,,,E,
ITE00100554,17730919,TMIN,168,,,E,
ITE00100554,17730920,TMAX,227,,,E,
ITE00100554,17730920,TMIN,161,,,E,
ITE00100554,17730921,TMAX,239,,,E,
ITE00100554,17730921,TMIN,173,,,E,
ITE00100554,17730922,TMAX,239,,,E,
ITE00100554,17730922,TMIN,187,,,E,
ITE00100554,17730923,TMAX,231,,,E,
ITE00100554,17730923,TMIN,187,,,E,
ITE00100554,17730924,TMAX,227,,,E,
ITE00100554,17730924,TMIN,185,,,E,
ITE00100554,17730925,TMAX,215,,,E,
ITE00100554,17730925,TMIN,185,,,E,
ITE00100554,17730926,TMAX,210,,,E,
ITE00100554,17730926,TMIN,180,,,E,
ITE00100554,17730927,TMAX,221,,,E,
ITE00100554,17730927,TMIN,171,,,E,
ITE00100554,17730928,TMAX,198,,,E,
ITE00100554,17730928,TMIN,170,,,E,
ITE00100554,17730929,TMAX,196,,,E,
ITE00100554,17730929,TMIN,154,,,E,
ITE00100554,17730930,TMAX,208,,,E,
ITE00100554,17730930,TMIN,148,,,E,
ITE00100554,17731001,TMAX,211,,,E,
ITE00100554,17731001,TMIN,151,,,E,
ITE00100554,17731002,TMAX,215,,,E,
ITE00100554,17731002,TMIN,155,,,E,
ITE00100554,17731003,TMAX,213,,,E,
ITE00100554,17731003,TMIN,165,,,E,
ITE00100554,17731004,TMAX,198,,,E,
ITE00100554,17731004,TMIN,170,,I,E,
ITE00100554,17731005,TMAX,151,,I,E,
ITE00100554,17731005,TMIN,111,,,E,
ITE00100554,17731006,TMAX,142,,,E,
ITE00100554,17731006,TMIN,84,,,E,
ITE00100554,17731007,TMAX,182,,,E,
ITE00100554,17731007,TMIN,144,,,E,
ITE00100554,17731008,TMAX,209,,,E,
ITE00100554,17731008,TMIN,153,,,E,
ITE00100554,17731009,TMAX,197,,,E,
ITE00100554,17731009,TMIN,141,,,E,
ITE00100554,17731010,TMAX,199,,,E,
ITE00100554,17731010,TMIN,143,,,E,
ITE00100554,17731011,TMAX,197,,,E,
ITE00100554,17731011,TMIN,153,,,E,
ITE00100554,17731012,TMAX,203,,,E,
ITE00100554,17731012,TMIN,159,,,E,
ITE00100554,17731013,TMAX,198,,,E,
ITE00100554,17731013,TMIN,144,,,E,
ITE00100554,17731014,TMAX,206,,,E,
ITE00100554,17731014,TMIN,162,,,E,
ITE00100554,17731015,TMAX,174,,,E,
ITE00100554,17731015,TMIN,122,,,E,
ITE00100554,17731016,TMAX,157,,,E,
ITE00100554,17731016,TMIN,105,,,E,
ITE00100554,17731017,TMAX,179,,,E,
ITE00100554,17731017,TMIN,127,,,E,
ITE00100554,17731018,TMAX,171,,,E,
ITE00100554,17731018,TMIN,129,,,E,
ITE00100554,17731019,TMAX,179,,,E,
ITE00100554,17731019,TMIN,129,,,E,
ITE00100554,17731020,TMAX,163,,,E,
ITE00100554,17731020,TMIN,123,,,E,
ITE00100554,17731021,TMAX,164,,,E,
ITE00100554,17731021,TMIN,124,,,E,
ITE00100554,17731022,TMAX,151,,,E,
ITE00100554,17731022,TMIN,111,,,E,
ITE00100554,17731023,TMAX,179,,,E,
ITE00100554,17731023,TMIN,147,,,E,
ITE00100554,17731024,TMAX,182,,,E,
ITE00100554,17731024,TMIN,144,,,E,
ITE00100554,17731025,TMAX,174,,,E,
ITE00100554,17731025,TMIN,126,,,E,
ITE00100554,17731026,TMAX,167,,,E,
ITE00100554,17731026,TMIN,121,,,E,
ITE00100554,17731027,TMAX,163,,,E,
ITE00100554,17731027,TMIN,125,,,E,
ITE00100554,17731028,TMAX,153,,,E,
ITE00100554,17731028,TMIN,115,,,E,
ITE00100554,17731029,TMAX,149,,,E,
ITE00100554,17731029,TMIN,119,,,E,
ITE00100554,17731030,TMAX,148,,,E,
ITE00100554,17731030,TMIN,128,,,E,
ITE00100554,17731031,TMAX,141,,,E,
ITE00100554,17731031,TMIN,121,,,E,
ITE00100554,17731101,TMAX,137,,,E,
ITE00100554,17731101,TMIN,101,,,E,
ITE00100554,17731102,TMAX,124,,,E,
ITE00100554,17731102,TMIN,82,,,E,
ITE00100554,17731103,TMAX,96,,,E,
ITE00100554,17731103,TMIN,54,,,E,
ITE00100554,17731104,TMAX,93,,,E,
ITE00100554,17731104,TMIN,73,,,E,
ITE00100554,17731105,TMAX,110,,,E,
ITE00100554,17731105,TMIN,82,,,E,
ITE00100554,17731106,TMAX,91,,,E,
ITE00100554,17731106,TMIN,57,,,E,
ITE00100554,17731107,TMAX,83,,,E,
ITE00100554,17731107,TMIN,55,,,E,
ITE00100554,17731108,TMAX,90,,,E,
ITE00100554,17731108,TMIN,72,,,E,
ITE00100554,17731109,TMAX,97,,,E,
ITE00100554,17731109,TMIN,79,,,E,
ITE00100554,17731110,TMAX,105,,,E,
ITE00100554,17731110,TMIN,87,,,E,
ITE00100554,17731111,TMAX,107,,,E,
ITE00100554,17731111,TMIN,81,,,E,
ITE00100554,17731112,TMAX,118,,,E,
ITE00100554,17731112,TMIN,100,,,E,
ITE00100554,17731113,TMAX,119,,,E,
ITE00100554,17731113,TMIN,81,,,E,
ITE00100554,17731114,TMAX,88,,,E,
ITE00100554,17731114,TMIN,50,,,E,
ITE00100554,17731115,TMAX,77,,,E,
ITE00100554,17731115,TMIN,41,,,E,
ITE00100554,17731116,TMAX,77,,,E,
ITE00100554,17731116,TMIN,53,,,E,
ITE00100554,17731117,TMAX,87,,,E,
ITE00100554,17731117,TMIN,63,,,E,
ITE00100554,17731118,TMAX,102,,,E,
ITE00100554,17731118,TMIN,74,,,E,
ITE00100554,17731119,TMAX,92,,,E,
ITE00100554,17731119,TMIN,58,,,E,
ITE00100554,17731120,TMAX,87,,,E,
ITE00100554,17731120,TMIN,63,,,E,
ITE00100554,17731121,TMAX,102,,,E,
ITE00100554,17731121,TMIN,80,,,E,
ITE00100554,17731122,TMAX,96,,,E,
ITE00100554,17731122,TMIN,80,,,E,
ITE00100554,17731123,TMAX,105,,,E,
ITE00100554,17731123,TMIN,83,,,E,
ITE00100554,17731124,TMAX,102,,,E,
ITE00100554,17731124,TMIN,86,,I,E,
ITE00100554,17731125,TMAX,71,,I,E,
ITE00100554,17731125,TMIN,45,,,E,
ITE00100554,17731126,TMAX,57,,,E,
ITE00100554,17731126,TMIN,31,,,E,
ITE00100554,17731127,TMAX,47,,,E,
ITE00100554,17731127,TMIN,21,,,E,
ITE00100554,17731128,TMAX,67,,,E,
ITE00100554,17731128,TMIN,35,,,E,
ITE00100554,17731129,TMAX,47,,,E,
ITE00100554,17731129,TMIN,21,,,E,
ITE00100554,17731130,TMAX,38,,,E,
ITE00100554,17731130,TMIN,12,,,E,
ITE00100554,17731201,TMAX,31,,,E,
ITE00100554,17731201,TMIN,-1,,,E,
ITE00100554,17731202,TMAX,34,,,E,
ITE00100554,17731202,TMIN,4,,,E,
ITE00100554,17731203,TMAX,35,,,E,
ITE00100554,17731203,TMIN,5,,,E,
ITE00100554,17731204,TMAX,35,,,E,
ITE00100554,17731204,TMIN,5,,,E,
ITE00100554,17731205,TMAX,43,,,E,
ITE00100554,17731205,TMIN,29,,,E,
ITE00100554,17731206,TMAX,52,,,E,
ITE00100554,17731206,TMIN,38,,,E,
ITE00100554,17731207,TMAX,73,,,E,
ITE00100554,17731207,TMIN,59,,,E,
ITE00100554,17731208,TMAX,61,,,E,
ITE00100554,17731208,TMIN,41,,,E,
ITE00100554,17731209,TMAX,72,,,E,
ITE00100554,17731209,TMIN,58,,,E,
ITE00100554,17731210,TMAX,60,,,E,
ITE00100554,17731210,TMIN,46,,,E,
ITE00100554,17731211,TMAX,51,,,E,
ITE00100554,17731211,TMIN,37,,,E,
ITE00100554,17731212,TMAX,41,,,E,
ITE00100554,17731212,TMIN,21,,,E,
ITE00100554,17731213,TMAX,45,,,E,
ITE00100554,17731213,TMIN,31,,,E,
ITE00100554,17731214,TMAX,43,,,E,
ITE00100554,17731214,TMIN,29,,,E,
ITE00100554,17731215,TMAX,60,,,E,
ITE00100554,17731215,TMIN,40,,,E,
ITE00100554,17731216,TMAX,70,,,E,
ITE00100554,17731216,TMIN,56,,,E,
ITE00100554,17731217,TMAX,58,,,E,
ITE00100554,17731217,TMIN,44,,,E,
ITE00100554,17731218,TMAX,51,,,E,
ITE00100554,17731218,TMIN,37,,,E,
ITE00100554,17731219,TMAX,55,,,E,
ITE00100554,17731219,TMIN,41,,,E,
ITE00100554,17731220,TMAX,61,,,E,
ITE00100554,17731220,TMIN,47,,,E,
ITE00100554,17731221,TMAX,79,,,E,
ITE00100554,17731221,TMIN,59,,,E,
ITE00100554,17731222,TMAX,72,,,E,
ITE00100554,17731222,TMIN,58,,,E,
ITE00100554,17731223,TMAX,80,,,E,
ITE00100554,17731223,TMIN,66,,,E,
ITE00100554,17731224,TMAX,85,,,E,
ITE00100554,17731224,TMIN,65,,,E,
ITE00100554,17731225,TMAX,87,,,E,
ITE00100554,17731225,TMIN,73,,,E,
ITE00100554,17731226,TMAX,93,,,E,
ITE00100554,17731226,TMIN,73,,,E,
ITE00100554,17731227,TMAX,79,,,E,
ITE00100554,17731227,TMIN,59,,,E,
ITE00100554,17731228,TMAX,53,,,E,
ITE00100554,17731228,TMIN,29,,,E,
ITE00100554,17731229,TMAX,54,,,E,
ITE00100554,17731229,TMIN,34,,,E,
ITE00100554,17731230,TMAX,60,,,E,
ITE00100554,17731230,TMIN,40,,,E,
ITE00100554,17731231,TMAX,57,,,E,
ITE00100554,17731231,TMIN,43,,,E,
